IdCellule,NbJoueurs,TotalPts,PtsMoyen,LisaP,Grappe
644,14,1729,123.5,0.004,Bas-Bas (grappe froide)
764,9,1055,117.22222222222223,0.025,Bas-Bas (grappe froide)
781,36,2082,57.833333333333336,0.009,Bas-Bas (grappe froide)
785,7,51,7.285714285714286,0.344,Non significatif
786,5,857,171.4,0.452,Non significatif
787,5,271,54.2,0.433,Non significatif
788,8,206,25.75,0.273,Non significatif
804,6,172,28.666666666666668,0.498,Non significatif
805,137,18538,135.31386861313868,0.12,Non significatif
807,8,1260,157.5,0.011,Bas-Bas (grappe froide)
818,5,46,9.2,0.057,Non significatif
823,103,11095,107.71844660194175,0.2,Non significatif
842,13,2748,211.3846153846154,0.407,Non significatif
843,17,534,31.41176470588235,0.004,Bas-Bas (grappe froide)
860,20,1030,51.5,0.487,Non significatif
873,8,2448,306,0.051,Non significatif
878,9,941,104.55555555555556,0.233,Non significatif
879,19,1582,83.26315789473684,0.331,Non significatif
881,9,303,33.666666666666664,0.469,Non significatif
897,66,9082,137.6060606060606,0.473,Non significatif
899,9,142,15.777777777777779,0.364,Non significatif
916,169,14971,88.58579881656804,0.494,Non significatif
918,6,399,66.5,0.473,Non significatif
931,5,649,129.8,0.093,Non significatif
934,33,3208,97.21212121212122,0.397,Non significatif
935,55,4936,89.74545454545455,0.258,Non significatif
936,5,932,186.4,0.355,Non significatif
953,17,1660,97.6470588235294,0.184,Non significatif
954,272,28993,106.59191176470588,0.097,Non significatif
971,26,2554,98.23076923076923,0.424,Non significatif
972,49,7640,155.91836734693877,0.266,Non significatif
990,19,2930,154.21052631578948,0.45,Non significatif
991,16,2877,179.8125,0.41,Non significatif
992,6,426,71,0.299,Non significatif
1008,27,2776,102.81481481481481,0.26,Non significatif
1009,42,3985,94.88095238095238,0.182,Non significatif
1023,19,1280,67.36842105263158,0.331,Non significatif
1027,136,12688,93.29411764705883,0.378,Non significatif
1028,10,2017,201.7,0.438,Non significatif
1045,154,14974,97.23376623376623,0.272,Non significatif
1046,33,2024,61.333333333333336,0.391,Non significatif
1063,31,3941,127.12903225806451,0.275,Non significatif
1064,31,4759,153.51612903225808,0.351,Non significatif
1082,53,7494,141.39622641509433,0.327,Non significatif
1083,6,513,85.5,0.487,Non significatif
1100,68,4278,62.911764705882355,0.176,Non significatif
1101,11,947,86.0909090909091,0.319,Non significatif
1102,20,2622,131.1,0.49,Non significatif
1119,30,1210,40.333333333333336,0.333,Non significatif
1136,9,1003,111.44444444444444,0.169,Non significatif
1137,255,25239,98.97647058823529,0.193,Non significatif
1150,5,519,103.8,0.131,Non significatif
1155,12,434,36.166666666666664,0.329,Non significatif
1156,15,1409,93.93333333333334,0.309,Non significatif
1173,9,888,98.66666666666667,0.403,Non significatif
1174,27,4597,170.25925925925927,0.403,Non significatif
1191,204,20482,100.40196078431373,0.078,Non significatif
1192,42,2494,59.38095238095238,0.484,Non significatif
1193,6,1358,226.33333333333334,0.232,Non significatif
1209,11,432,39.27272727272727,0.494,Non significatif
1210,29,2786,96.06896551724138,0.382,Non significatif
1226,26,3419,131.5,0.133,Non significatif
1228,6,1643,273.8333333333333,0.415,Non significatif
1231,11,1456,132.36363636363637,0.334,Non significatif
1246,19,4050,213.1578947368421,0.421,Non significatif
1247,7,297,42.42857142857143,0.372,Non significatif
1248,98,10570,107.85714285714286,0.115,Non significatif
1264,79,7101,89.88607594936708,0.425,Non significatif
1266,7,62,8.857142857142858,0.369,Non significatif
1282,7,924,132,0.101,Non significatif
1283,13,2303,177.15384615384616,0.429,Non significatif
1285,7,1125,160.71428571428572,0.485,Non significatif
1301,8,613,76.625,0.474,Non significatif
1303,49,7603,155.16326530612244,0.494,Non significatif
1320,208,26592,127.84615384615384,0.03,Haut-Haut (grappe chaude)
1322,8,787,98.375,0.372,Non significatif
1338,15,1713,114.2,0.307,Non significatif
1339,18,2460,136.66666666666666,0.003,Bas-Haut (valeur atypique)
1340,96,14253,148.46875,0.37,Non significatif
1356,7,754,107.71428571428571,0.299,Non significatif
1357,189,29967,158.55555555555554,0.016,Haut-Haut (grappe chaude)
1358,8,1637,204.625,0.009,Bas-Haut (valeur atypique)
1359,99,20219,204.23232323232324,0.462,Non significatif
1375,39,5054,129.5897435897436,0.009,Bas-Haut (valeur atypique)
1376,1200,148871,124.05916666666667,0.084,Non significatif
1377,52,4494,86.42307692307692,0.422,Non significatif
1394,136,13160,96.76470588235294,0.015,Haut-Haut (grappe chaude)
1395,78,12265,157.24358974358975,0.009,Haut-Haut (grappe chaude)
1396,12,490,40.833333333333336,0.066,Non significatif
1408,5,1089,217.8,0.119,Non significatif
1413,63,10521,167,0.003,Haut-Haut (grappe chaude)
1414,32,2859,89.34375,0.06,Non significatif
1430,10,581,58.1,0.497,Non significatif
1431,7,803,114.71428571428571,0.28,Non significatif
1432,361,45166,125.11357340720221,0.079,Non significatif
1444,9,1011,112.33333333333333,0.129,Non significatif
1449,32,3000,93.75,0.193,Non significatif
1450,27,1610,59.629629629629626,0.165,Non significatif
1451,565,67195,118.929203539823,0.141,Non significatif
1452,12,3581,298.4166666666667,0.065,Non significatif
1468,58,5922,102.10344827586206,0.406,Non significatif
1469,17,1504,88.47058823529412,0.054,Non significatif
1470,89,12006,134.8988764044944,0.135,Non significatif
1486,51,7037,137.98039215686273,0.459,Non significatif
1487,126,13335,105.83333333333333,0.443,Non significatif
1488,59,8982,152.23728813559322,0.062,Non significatif
1489,27,2262,83.77777777777777,0.219,Non significatif
1505,36,2075,57.638888888888886,0.248,Non significatif
1506,10,404,40.4,0.075,Non significatif
1507,9,148,16.444444444444443,0.246,Non significatif
1508,9,836,92.88888888888889,0.253,Non significatif
1524,103,12056,117.04854368932038,0.489,Non significatif
1526,13,519,39.92307692307692,0.273,Non significatif
1544,10,1463,146.3,0.181,Non significatif
1562,10,797,79.7,0.395,Non significatif
1581,74,6485,87.63513513513513,0.021,Haut-Bas (valeur atypique)
1599,30,5754,191.8,0.31,Non significatif
1618,11,325,29.545454545454547,0.102,Non significatif
1637,22,3250,147.72727272727272,0.215,Non significatif
1638,5,414,82.8,0.195,Non significatif
1675,5,291,58.2,0.267,Non significatif
1712,15,1696,113.06666666666666,0.235,Non significatif
