Code,Unite,Pays,Population,NbJoueurs,TauxPar100k,QL,LisaIi,LisaZ,LisaP,Grappe
WA,Washington,USA,7705281,16,0.207649792395631,0.10792319306571348,-0.018771756784043508,-0.11337021842577528,0.339,Non significatif
BC,Colombie-Britannique,Canada,5000879,423,8.458512993415757,4.396198620309634,0.664242613380774,2.7814231416183115,0.02,Haut-Haut (grappe chaude)
ID,Idaho,USA,1839106,2,0.10874848975534851,0.056520568212801076,0.17159351445840096,1.0813892676337649,0.016,Bas-Bas (grappe froide)
MT,Montana,USA,1084225,1,0.09223177845926814,0.04793622916072389,-0.2580027429393589,-1.720907343746901,0.066,Non significatif
AB,Alberta,Canada,4262635,669,15.694517592991192,8.157014908228067,1.6129872496065039,3.179076952595513,0.01,Haut-Haut (grappe chaude)
SK,Saskatchewan,Canada,1132505,541,47.77020852005069,24.82792483161324,4.113484759868212,3.3033643039886886,0.005,Haut-Haut (grappe chaude)
ND,Dakota du Nord,USA,779094,21,2.6954385478517353,1.4009180141260273,-0.09907129383820788,-2.7461099618823197,0.019,Bas-Haut (valeur atypique)
MB,Manitoba,Canada,1342153,413,30.771454521205854,15.993050553489477,4.870089302476501,4.145677441985746,0.006,Haut-Haut (grappe chaude)
MN,Minnesota,USA,5706494,315,5.5200268325875745,2.868959870887895,0.13153568522291667,1.3454270209403603,0.109,Non significatif
ON,Ontario,Canada,14223942,2447,17.203388484008162,8.941230305719047,1.3964509639420575,1.946119960683574,0.069,Non significatif
MI,Michigan,USA,10077331,207,2.054115320812624,1.0675988730339088,0.005051256166018549,0.07952388364174955,0.391,Non significatif
OH,Ohio,USA,11799448,36,0.30509901819135943,0.15857112046464303,0.14432334077114076,0.9606212413584572,0.125,Non significatif
PA,Pennsylvanie,USA,13002700,41,0.3153191260276712,0.16388288436503345,0.15361953809182452,1.0784662676659746,0.06,Non significatif
NY,New York,USA,20201249,150,0.7425283456483309,0.385919143379099,0.09406790284610764,0.6293285450782209,0.33,Non significatif
QC,Quebec,Canada,8501833,892,10.491855109362886,5.453000898878276,0.5999132449043733,1.723486188139784,0.077,Non significatif
VT,Vermont,USA,643077,2,0.3110047474874704,0.16164054401505842,-0.08562457915866398,-0.5757537606854239,0.255,Non significatif
NH,New Hampshire,USA,1377529,15,1.088906295257668,0.5659444345104807,-0.06107856773715847,-0.5941499022273246,0.234,Non significatif
ME,Maine,USA,1362359,9,0.6606188236727617,0.34334776850747334,-0.1719669751654257,-1.4883126472135593,0.092,Non significatif
NB,Nouveau-Brunswick,Canada,775610,54,6.962261961552842,3.6185422252632593,0.20342998360809977,1.2097669863566085,0.131,Non significatif
AZ,Arizona,USA,7151502,9,0.1258476890588858,0.06540764759012482,0.17063284100716364,1.0455937723066802,0.026,Bas-Bas (grappe froide)
CA,Californie,USA,39538223,56,0.14163509574013988,0.07361294035546334,0.17066593445325207,0.9948797137157335,0.028,Bas-Bas (grappe froide)
NM,Nouveau-Mexique,USA,2117522,0,0,0,0.1745245790381756,0.8958853685349887,0.078,Non significatif
TX,Texas,USA,29145505,14,0.04803485134328604,0.024965469387646645,0.17932558101628876,0.9749612799079541,0.008,Bas-Bas (grappe froide)
AK,Alaska,USA,733391,15,2.0452937109945446,1.0630139597115154,-0.1052163763381978,-1.2786923163536388,0.109,Non significatif
YT,Yukon,Canada,40232,2,4.971167230065619,2.583697457833857,0.3336925769580913,3.943663307137723,0.004,Haut-Haut (grappe chaude)
LA,Louisiane,USA,4657757,1,0.021469561421946226,0.011158516440807424,0.17945828910895067,0.9442184913402956,0.006,Bas-Bas (grappe froide)
MS,Mississippi,USA,2961279,1,0.03376919229832785,0.017551084535359845,0.1798233580626832,1.0353486778741974,0.001,Bas-Bas (grappe froide)
AL,Alabama,USA,5024279,3,0.05971005989118041,0.031033502356329654,0.17833270454346925,1.0896978060552516,0.003,Bas-Bas (grappe froide)
FL,Floride,USA,21538187,21,0.0975012427926269,0.05067496253503153,0.17596750500574407,0.9883734318347208,0.009,Bas-Bas (grappe froide)
GA,Georgie,USA,10711908,3,0.028006215139263706,0.014555854492529025,0.17941315430193774,1.0231093336054446,0.005,Bas-Bas (grappe froide)
SC,Caroline du Sud,USA,5118425,2,0.03907451999394345,0.020308457410936318,0.178406358745288,1.0423471409752096,0.003,Bas-Bas (grappe froide)
NC,Caroline du Nord,USA,10439388,6,0.05747463357047367,0.029871669524182375,0.17565403264397028,1.1294693448649757,0.009,Bas-Bas (grappe froide)
VA,Virginie,USA,8631393,8,0.0926849235111876,0.048171745220532414,0.17199066430791848,1.105464784004661,0.021,Bas-Bas (grappe froide)
DC,District de Columbia,USA,689545,2,0.2900463349020006,0.15074769032270807,0.16097651946658256,1.1182768288376064,0.026,Bas-Bas (grappe froide)
MD,Maryland,USA,6177224,5,0.08094250750822699,0.042068782078961246,0.17015088189365216,1.084233340024088,0.035,Bas-Bas (grappe froide)
DE,Delaware,USA,989948,1,0.10101540686985579,0.05250140215626059,0.16636828241777152,0.9184154944432564,0.119,Non significatif
NJ,New Jersey,USA,9288994,32,0.34449370943721136,0.17904598258725837,0.13384197377456344,0.9012665170605346,0.193,Non significatif
CT,Connecticut,USA,3605944,36,0.9983516105630037,0.5188798523283477,0.08075593706208181,0.6469955985170835,0.298,Non significatif
RI,Rhode Island,USA,1097379,23,2.095903056282287,1.0893174877786753,0.0464907073616384,0.6393315639085919,0.327,Non significatif
MA,Massachusetts,USA,7029917,225,3.20060677814546,1.663472422775663,0.008577983216830405,0.726956330184386,0.27,Non significatif
OR,Oregon,USA,4237256,8,0.1888014318700593,0.09812701061590022,0.10798144364865862,0.7089463198926065,0.261,Non significatif
NU,Nunavut,Canada,36858,0,0,0,-1.068831191639931,-5.552608022535537,0.001,Bas-Haut (valeur atypique)
NL,Terre-Neuve-et-Labrador,Canada,510550,32,6.267750465184605,3.257579194941039,0.2835093202088646,1.8872653837942381,0.067,Non significatif
NS,Nouvelle-Ecosse,Canada,969383,86,8.87162246501125,4.610906724497525,0.23804152352934813,0.8727211927132891,0.179,Non significatif
NT,Territoires du Nord-Ouest,Canada,41070,5,12.174336498660823,6.32744802310517,1.3313879015151835,3.271287473461557,0.013,Haut-Haut (grappe chaude)
HI,Hawai,USA,1455271,0,0,0,0.17600167908715725,0.9363251537770502,0.046,Bas-Bas (grappe froide)
PE,Ile-du-Prince-Edouard,Canada,154331,34,22.0305706565758,11.450093462108839,0.4437882498250581,0.566121208070837,0.229,Non significatif
UT,Utah,USA,3271616,5,0.1528296719419394,0.07943117111205268,0.16950194028621315,1.120198453069158,0.006,Bas-Bas (grappe froide)
WY,Wyoming,USA,576851,0,0,0,0.15267236709289245,0.9615110010975286,0.142,Non significatif
NV,Nevada,USA,3104614,1,0.032210123384098635,0.016740779388930753,0.1753857278477286,1.0260847725566153,0.029,Bas-Bas (grappe froide)
CO,Colorado,USA,5773714,22,0.38103723184071814,0.1980389879649891,0.15881673113927666,1.0280441293941116,0.011,Bas-Bas (grappe froide)
SD,Dakota du Sud,USA,886667,3,0.3383457374640085,0.1758506566561715,0.09544114414152473,0.5761784969525903,0.364,Non significatif
NE,Nebraska,USA,1961504,5,0.2549064391405778,0.13248420105639822,0.10563963470250841,0.7146635312930248,0.252,Non significatif
KS,Kansas,USA,2937880,0,0,0,0.17119061756040582,0.9590761857498359,0.089,Non significatif
OK,Oklahoma,USA,3959353,5,0.12628325890619,0.06563402917318292,0.17232586023510676,1.0272664540932166,0.016,Bas-Bas (grappe froide)
IA,Iowa,USA,3190369,4,0.12537734663294434,0.06516319342594648,0.11276950759813444,0.8276502508940559,0.223,Non significatif
MO,Missouri,USA,6154913,27,0.43867395038727597,0.227994898980411,0.15185328893174055,0.9629874929704944,0.078,Non significatif
WI,Wisconsin,USA,5893718,41,0.6956559509633817,0.36155784524017276,-0.036706153182194945,-0.2195431900236419,0.303,Non significatif
IL,Illinois,USA,12812508,79,0.6165849808640119,0.32046176961458933,0.12652585530007912,0.9695427021346896,0.135,Non significatif
KY,Kentucky,USA,4505836,0,0,0,0.17153333202635368,0.9070518969386246,0.096,Non significatif
AR,Arkansas,USA,3011524,0,0,0,0.1774937393596805,1.0611244490652165,0.021,Bas-Bas (grappe froide)
TN,Tennessee,USA,6910840,0,0,0,0.1807644903828345,1.183089043893093,0.001,Bas-Bas (grappe froide)
WV,Virginie-Occidentale,USA,1793716,0,0,0,0.17453329330091807,1.1123503899974638,0.02,Bas-Bas (grappe froide)
IN,Indiana,USA,6785528,13,0.19158420685906832,0.09957332057331665,0.1466761776274778,0.9432844467681425,0.146,Non significatif
