r_km,obs,theo,lo,hi,Statut
0,11391.485128708377,0,0,0,Regroupement significatif
3.84354646821612,28268.090818742992,3843.54646821612,0,7731.589800938244,Regroupement significatif
7.68709293643224,47258.22692738827,7687.09293643224,4424.448669428089,10308.78640125099,Regroupement significatif
11.53063940464836,67645.81731465324,11530.63940464836,6589.8383801101145,13789.983874942389,Regroupement significatif
15.37418587286448,87179.55902571649,15374.18587286448,10553.630264017756,17958.58728509668,Regroupement significatif
19.2177323410806,104650.2577344633,19217.7323410806,14982.850331438434,22101.907808907767,Regroupement significatif
23.06127880929672,120725.00582821465,23061.27880929672,20159.28357447767,26007.244431980645,Regroupement significatif
26.904825277512842,138139.23069918272,26904.825277512842,23668.648349660787,30455.348624647337,Regroupement significatif
30.74837174572896,153063.22206546832,30748.37174572896,26911.025294032697,33769.57442562933,Regroupement significatif
34.59191821394508,167617.58451534258,34591.91821394508,31737.573067038848,37752.1006656545,Regroupement significatif
38.4354646821612,182490.20456260367,38435.4646821612,34583.98716587103,41094.6871759862,Regroupement significatif
42.27901115037732,195639.87976094792,42279.01115037732,39055.138046681444,45160.7279789377,Regroupement significatif
46.12255761859344,207370.52211870244,46122.55761859344,42568.30141530545,49171.4257538223,Regroupement significatif
49.96610408680956,221198.90188592204,49966.10408680956,47095.21432333616,53311.911157552626,Regroupement significatif
53.809650555025684,233208.518453758,53809.650555025684,51236.68978108511,56632.51458460049,Regroupement significatif
57.6531970232418,244348.34145993093,57653.1970232418,54394.59714610647,60611.309639492094,Regroupement significatif
61.49674349145792,253022.69257630772,61496.74349145792,57936.573232942144,64361.46443304624,Regroupement significatif
65.34028995967404,260177.66865225293,65340.28995967404,61821.1216046854,68412.5377087438,Regroupement significatif
69.18383642789016,270268.72154034534,69183.83642789016,65461.824901863474,72436.81178922794,Regroupement significatif
73.02738289610629,270586.28483637545,73027.38289610628,69204.52090593947,76444.3138466526,Regroupement significatif
76.8709293643224,278913.14009341504,76870.9293643224,73116.24800411018,81180.35477198494,Regroupement significatif
80.71447583253853,283314.6009275233,80714.47583253852,76828.68810203057,84905.28692254062,Regroupement significatif
84.55802230075464,292006.63351523364,84558.02230075464,80404.55578802018,88637.3138967276,Regroupement significatif
88.40156876897076,293940.78965549316,88401.56876897076,84925.74118011913,92330.65387150027,Regroupement significatif
92.24511523718688,295790.58879109897,92245.11523718688,88636.14623820088,95685.96156743285,Regroupement significatif
96.08866170540301,292412.00667478255,96088.661705403,92257.81169541624,100014.52557967618,Regroupement significatif
99.93220817361912,299879.88109444635,99932.20817361912,94978.21017867945,103366.41809483142,Regroupement significatif
103.77575464183525,306043.835878234,103775.75464183524,98906.11300860778,107271.16611996696,Regroupement significatif
107.61930111005137,303715.32927011425,107619.30111005137,102838.69700312898,111624.87472272398,Regroupement significatif
111.46284757826749,308543.68339516025,111462.84757826748,106745.71189617572,116258.8114542297,Regroupement significatif
115.3063940464836,313998.3751477038,115306.3940464836,110906.17455889653,120406.74108809281,Regroupement significatif
119.14994051469972,316371.5380712872,119149.94051469972,114748.6932468027,123462.66130212352,Regroupement significatif
122.99348698291584,323864.10023603466,122993.48698291584,118404.167198474,127611.52907208589,Regroupement significatif
126.83703345113197,314375.3258262794,126837.03345113197,122368.01339512608,131448.485251743,Regroupement significatif
130.68057991934808,307131.52627258527,130680.57991934808,126066.98342501969,135312.07650923272,Regroupement significatif
134.5241263875642,312825.9179937622,134524.1263875642,129660.48446816426,139358.91578726066,Regroupement significatif
138.3676728557803,320546.2190626465,138367.6728557803,133819.58357535445,143764.1180778492,Regroupement significatif
142.21121932399646,324378.7167256059,142211.21932399645,136830.5173856632,147040.8156362735,Regroupement significatif
146.05476579221258,324562.9528021853,146054.76579221257,140005.23216083477,150936.49966166235,Regroupement significatif
149.89831226042867,332621.6386476335,149898.31226042868,143747.32165673067,155053.68579590577,Regroupement significatif
153.7418587286448,329153.1391293334,153741.8587286448,147278.1806368887,159356.308548064,Regroupement significatif
157.58540519686093,331664.9338843366,157585.40519686093,151194.56316719463,163578.5087472077,Regroupement significatif
161.42895166507705,337375.83669077145,161428.95166507704,154676.67970659895,167345.07254852634,Regroupement significatif
165.27249813329314,343949.6994621664,165272.49813329315,158040.86059285738,170903.1481231951,Regroupement significatif
169.1160446015093,350777.71608325513,169116.0446015093,162296.96367231317,175119.18335922374,Regroupement significatif
172.9595910697254,349319.71929568774,172959.5910697254,166052.16492747577,179075.28563498816,Regroupement significatif
176.80313753794152,353133.3661630468,176803.1375379415,169315.20125645833,183428.20438944595,Regroupement significatif
180.64668400615764,358792.7294534335,180646.68400615765,173072.2416660439,186817.74231336813,Regroupement significatif
184.49023047437376,362229.08193872555,184490.23047437376,176349.63519538965,190996.1360123891,Regroupement significatif
188.33377694258988,365769.3299899121,188333.77694258987,180023.19409643862,195160.19288045686,Regroupement significatif
192.17732341080603,370410.49310791696,192177.323410806,183215.0966374521,199333.46399614762,Regroupement significatif
196.02086987902211,375524.5728917552,196020.86987902212,187441.03548710502,203067.14155202804,Regroupement significatif
199.86441634723823,379377.15712211956,199864.41634723824,190662.3799970229,207165.39052219372,Regroupement significatif
203.70796281545438,380020.8855829389,203707.96281545438,194889.81723486003,211198.61636496824,Regroupement significatif
207.5515092836705,386103.4257262317,207551.5092836705,198575.5223731491,215061.07395189023,Regroupement significatif
211.3950557518866,391597.90194595564,211395.0557518866,202484.72634861086,219137.88101582302,Regroupement significatif
215.23860222010273,396814.53127553157,215238.60222010274,205843.0993763045,223382.52320491482,Regroupement significatif
219.08214868831885,400418.75813180313,219082.14868831885,209718.54539152197,226680.37455553882,Regroupement significatif
222.92569515653497,407092.47617182764,222925.69515653496,213197.40169331487,230914.58624128054,Regroupement significatif
226.76924162475106,413254.5786401131,226769.24162475107,216521.23103977105,235142.8363012035,Regroupement significatif
230.6127880929672,418653.49116974603,230612.7880929672,219808.59714484695,239378.655716832,Regroupement significatif
234.45633456118333,423782.6039725736,234456.33456118335,223041.32823930762,244395.82760921482,Regroupement significatif
238.29988102939944,428927.3631381649,238299.88102939943,226975.26136557464,247537.88547802993,Regroupement significatif
242.14342749761556,434453.311333749,242143.42749761554,230661.7830249784,250869.78550115804,Regroupement significatif
245.98697396583168,440922.5127152138,245986.97396583168,234133.07884814905,254851.7025202856,Regroupement significatif
249.8305204340478,446910.86817094084,249830.5204340478,237737.60213226322,259625.07711581953,Regroupement significatif
253.67406690226395,451921.55948909675,253674.06690226393,240643.11895753504,263076.32671976066,Regroupement significatif
257.51761337048003,455517.43638143176,257517.61337048004,243709.16764835705,267905.26746628433,Regroupement significatif
261.36115983869615,462435.4988596914,261361.15983869616,248001.37831495202,272154.5176005057,Regroupement significatif
265.20470630691227,469547.97065451264,265204.7063069123,251455.08479993968,275937.9046273362,Regroupement significatif
269.0482527751284,473633.2905907834,269048.2527751284,254072.0131370496,279763.57779226475,Regroupement significatif
272.8917992433445,479968.8844381796,272891.7992433445,258295.8866354349,284387.17290786357,Regroupement significatif
276.7353457115606,485602.3388093343,276735.3457115606,261976.5217581371,288269.5587129509,Regroupement significatif
280.57889217977674,491077.3565614895,280578.89217977674,264131.9689786653,292432.5248051067,Regroupement significatif
284.4224386479929,495197.59088357456,284422.4386479929,267058.4492162499,296795.3161948545,Regroupement significatif
288.26598511620904,499059.5615700811,288265.985116209,270687.41003263387,300527.57115657727,Regroupement significatif
292.10953158442516,504399.1347046698,292109.53158442513,274492.3542967097,304836.9184253791,Regroupement significatif
295.9530780526412,504681.6141987674,295953.07805264124,278894.7716290247,309531.9933012486,Regroupement significatif
299.79662452085734,510553.5938519686,299796.62452085735,282891.87711991236,313407.20144213765,Regroupement significatif
303.64017098907345,511627.70168982813,303640.17098907346,286115.85029294033,317902.0891107155,Regroupement significatif
307.4837174572896,515235.3500867686,307483.7174572896,289265.63274843525,322017.02554467286,Regroupement significatif
311.32726392550575,518845.5240159802,311327.26392550574,292067.58016708295,325780.1994608437,Regroupement significatif
315.17081039372187,525369.083009191,315170.81039372185,294975.0099190913,330218.17838031915,Regroupement significatif
319.014356861938,527503.4628654326,319014.35686193797,298662.1175596949,334553.22038886166,Regroupement significatif
322.8579033301541,530767.728463178,322857.9033301541,301623.21279421326,338329.9664466769,Regroupement significatif
326.70144979837016,533620.176921656,326701.4497983702,303271.2432672652,342582.36996064644,Regroupement significatif
330.5449962665863,540278.0888347739,330544.9962665863,305938.6478007856,346384.7403442266,Regroupement significatif
334.38854273480246,540642.717937902,334388.54273480247,309826.1992787197,350867.54681727337,Regroupement significatif
338.2320892030186,544287.5231436451,338232.0892030186,313385.4811584908,355218.511322292,Regroupement significatif
342.0756356712347,550759.2582807671,342075.6356712347,316456.06565193215,359085.4954495245,Regroupement significatif
345.9191821394508,553824.4317274815,345919.1821394508,319196.8912681148,363942.6659769712,Regroupement significatif
349.76272860766693,558812.6200325333,349762.7286076669,322232.49300902546,368317.1350915927,Regroupement significatif
353.60627507588305,562421.895676318,353606.275075883,326315.80080364685,372382.4101428321,Regroupement significatif
357.44982154409917,566920.453070298,357449.8215440992,328903.7457400901,376826.9094678526,Regroupement significatif
361.2933680123153,568262.0834251017,361293.3680123153,332920.13067397743,380669.3066093955,Regroupement significatif
365.1369144805314,571657.7830229049,365136.9144805314,336356.1948802152,385314.63680969103,Regroupement significatif
368.9804609487475,575909.474820305,368980.4609487475,340337.96234515985,389669.59132026654,Regroupement significatif
372.82400741696364,575281.2873185717,372824.00741696364,344205.48991838185,393794.9660171861,Regroupement significatif
376.66755388517976,576990.3467236034,376667.55388517975,347210.3000721672,397559.853897704,Regroupement significatif
380.5111003533959,579239.0747653199,380511.10035339586,350624.94793740596,401933.81654934323,Regroupement significatif
384.35464682161205,586811.1487582331,384354.646821612,354424.46168106725,406151.15755005146,Regroupement significatif
388.1981932898281,590433.4574216731,388198.19328982814,358140.65142611647,410753.4929944159,Regroupement significatif
392.04173975804423,595100.637593257,392041.73975804425,361796.1973864033,415102.8293010759,Regroupement significatif
395.88528622626035,595743.8388843383,395885.28622626036,365448.97252931196,418802.1705659263,Regroupement significatif
399.72883269447647,600498.199360631,399728.83269447647,369008.69804714475,423971.0828924898,Regroupement significatif
403.5723791626926,602795.785842218,403572.3791626926,372904.42499431554,428233.28701295,Regroupement significatif
407.41592563090876,601408.1563917736,407415.92563090875,376379.61925084656,432004.1577656043,Regroupement significatif
411.2594720991249,604267.9504804953,411259.47209912486,378888.8910690102,436415.4147663645,Regroupement significatif
415.103018567341,606530.5783775183,415103.018567341,382889.0262177215,440924.2241791246,Regroupement significatif
418.94656503555706,605780.3518131797,418946.5650355571,386253.65331838623,444871.2763153656,Regroupement significatif
422.7901115037732,608638.2657523827,422790.1115037732,389552.54229973606,448644.7507961764,Regroupement significatif
426.6336579719893,615059.7586792625,426633.6579719893,393823.77141891164,453252.8173428018,Regroupement significatif
430.47720444020547,622161.7948000036,430477.2044402055,397481.20370073733,457551.0002805993,Regroupement significatif
434.3207509084216,620294.5375315873,434320.7509084216,401875.848566561,462354.9368437201,Regroupement significatif
438.1642973766377,621833.3405072986,438164.2973766377,405455.15831493714,466612.43929681584,Regroupement significatif
442.0078438448538,624786.0751922783,442007.8438448538,409175.84774143185,470903.6251145843,Regroupement significatif
445.85139031306994,624295.5489112644,445851.3903130699,412488.8917058425,475598.9236433018,Regroupement significatif
449.694936781286,627103.6497079766,449694.93678128603,414770.71618531825,480305.3774179222,Regroupement significatif
453.5384832495021,626351.9012131089,453538.48324950214,418322.10135739413,484379.1808686187,Regroupement significatif
457.3820297177183,629737.7219826167,457382.02971771837,422324.5552749524,488833.3360286817,Regroupement significatif
461.2255761859344,633260.5566767874,461225.5761859344,426226.0828113855,492457.6144579521,Regroupement significatif
465.06912265415053,634349.5793200874,465069.12265415053,428960.449476836,496236.1607639029,Regroupement significatif
468.91266912236665,638989.4012908619,468912.6691223667,432180.8846362333,500486.33376909135,Regroupement significatif
472.75621559058277,643440.1663797165,472756.21559058275,435827.02100432327,505037.8543324858,Regroupement significatif
476.5997620587989,647860.355678182,476599.76205879886,439306.6837064942,509022.995288198,Regroupement significatif
480.443308527015,644611.6900707744,480443.30852701503,442600.7582654442,514216.3620602479,Regroupement significatif
484.2868549952311,648823.295101132,484286.8549952311,446267.5996899133,519188.3618914344,Regroupement significatif
488.13040146344724,652324.9501979153,488130.40146344726,449429.76124077896,523140.0861684631,Regroupement significatif
491.97394793166336,651691.9666243842,491973.94793166337,452315.93402238155,528428.9980599318,Regroupement significatif
495.8174943998795,649118.3084108211,495817.4943998795,455770.00842077966,532751.9725439309,Regroupement significatif
499.6610408680956,652950.3419922218,499661.0408680956,459463.8423349151,537005.842241411,Regroupement significatif
503.5045873363117,650750.6024586334,503504.5873363117,462224.01438323566,541888.2554133076,Regroupement significatif
507.3481338045279,654639.1125737918,507348.13380452787,465961.7846405447,546167.7932732203,Regroupement significatif
511.19168027274395,656556.3989453709,511191.680272744,469223.3233667899,549988.7620110764,Regroupement significatif
515.0352267409601,657065.8983953532,515035.2267409601,473046.9783837051,553904.6042899793,Regroupement significatif
518.8787732091762,656559.3386294837,518878.77320917626,476869.9155569503,557374.3423588598,Regroupement significatif
522.7223196773923,648260.6965637685,522722.3196773923,479577.43959709216,561489.098809759,Regroupement significatif
526.5658661456084,649141.4416738336,526565.8661456085,483162.88232686627,565480.3580573191,Regroupement significatif
530.4094126138245,646548.0491384132,530409.4126138246,487135.1384707983,569749.8442156584,Regroupement significatif
534.2529590820407,649957.8278614936,534252.9590820407,491558.97773716477,573371.7786939794,Regroupement significatif
538.0965055502568,651165.6781573038,538096.5055502568,495149.0853253148,577316.0028956058,Regroupement significatif
541.9400520184729,654829.4827992712,541940.0520184729,498059.5131301282,581930.660246158,Regroupement significatif
545.783598486689,657563.9397754304,545783.598486689,502047.03183191374,586607.1445660563,Regroupement significatif
549.6271449549051,658477.0121057075,549627.1449549051,506306.8259789271,590654.6795090542,Regroupement significatif
553.4706914231213,651468.1039200817,553470.6914231213,510531.07828463934,594782.0239568383,Regroupement significatif
557.3142378913374,649920.0294680023,557314.2378913374,513843.8261704093,599439.500859354,Regroupement significatif
561.1577843595535,653495.5132821266,561157.7843595535,517063.4146823776,603446.9868308603,Regroupement significatif
565.0013308277696,638099.3009004922,565001.3308277696,520938.1634952792,608103.6934352802,Regroupement significatif
568.8448772959858,642824.5685330379,568844.8772959858,524454.5618747348,611423.4237084732,Regroupement significatif
572.688423764202,647417.9762134035,572688.4237642019,527348.7026038709,615909.5150233443,Regroupement significatif
576.5319702324181,635066.1099002358,576531.970232418,531622.5368709781,619494.6750980769,Regroupement significatif
580.3755167006342,650374.5232735978,580375.5167006342,534949.0261363366,623616.8506016751,Regroupement significatif
584.2190631688503,647257.2703981949,584219.0631688503,537988.867282612,627841.2491440991,Regroupement significatif
588.0626096370663,668777.4459644916,588062.6096370664,542200.5243822325,632336.7817597401,Regroupement significatif
591.9061561052824,672518.1400394307,591906.1561052825,544986.3185675051,636007.4190404344,Regroupement significatif
595.7497025734986,666137.495251893,595749.7025734986,548233.3651882011,640001.7190972691,Regroupement significatif
599.5932490417147,669959.8010625949,599593.2490417147,552349.8944434243,644381.1820470701,Regroupement significatif
603.4367955099308,664532.1005510738,603436.7955099308,556835.1076970458,649128.8477493187,Regroupement significatif
607.2803419781469,657402.1177132346,607280.3419781469,560978.3427561865,653804.1016775506,Regroupement significatif
611.123888446363,669536.1780034427,611123.888446363,564517.1353996915,657450.2843621428,Regroupement significatif
614.9674349145791,657194.0022272893,614967.4349145791,568209.8519141726,661486.057592738,Compatible avec le hasard
618.8109813827954,660884.0593161228,618810.9813827954,571964.9593884628,665591.4802456924,Compatible avec le hasard
622.6545278510115,664736.5736271193,622654.5278510115,574849.8328477561,670083.6455195096,Compatible avec le hasard
626.4980743192276,654169.7810908975,626498.0743192276,578642.1680284163,674063.5472965825,Compatible avec le hasard
630.3416207874437,658360.0223184992,630341.6207874437,581251.752892412,677743.6987831282,Compatible avec le hasard
634.1851672556598,662326.0824234232,634185.1672556598,584718.3560468991,681603.9238016674,Compatible avec le hasard
638.028713723876,651713.0320961341,638028.7137238759,588432.1942820059,686084.9637249019,Compatible avec le hasard
641.8722601920921,656268.2460243402,641872.2601920922,592661.8641804508,689741.5394502378,Compatible avec le hasard
645.7158066603082,649751.0215261333,645715.8066603082,596029.8198041322,693644.2267930602,Compatible avec le hasard
649.5593531285242,654497.2571538938,649559.3531285243,599425.2335032698,697049.5973202095,Compatible avec le hasard
653.4028995967403,657563.9397754304,653402.8995967404,602366.9353240123,700669.3407471966,Compatible avec le hasard
657.2464460649564,661786.6556345258,657246.4460649565,605816.7966933777,705387.5412234409,Compatible avec le hasard
661.0899925331726,665982.5975645874,661089.9925331726,608796.2699080422,709524.6172210238,Compatible avec le hasard
664.9335390013888,669227.920078262,664933.5390013888,611804.7516787007,713784.2240958076,Compatible avec le hasard
668.7770854696049,675190.6458223998,668777.0854696049,614863.8758692514,717458.494166619,Compatible avec le hasard
672.620631937821,679713.745011316,672620.631937821,617869.4942044835,721821.3474643563,Compatible avec le hasard
676.4641784060371,684206.9439201473,676464.1784060372,621457.0484691276,726373.1625012626,Compatible avec le hasard
680.3077248742533,686194.4773557587,680307.7248742533,625754.3418099886,731055.5798755776,Compatible avec le hasard
684.1512713424694,689658.878274096,684151.2713424694,629104.2283898958,735417.2784313534,Compatible avec le hasard
687.9948178106855,694332.9173848435,687994.8178106855,632918.5372646775,739011.5334590558,Compatible avec le hasard
691.8383642789016,697512.8980615806,691838.3642789016,636024.1988945887,742622.6078465868,Compatible avec le hasard
695.6819107471177,702377.0636736033,695681.9107471177,639791.0409498643,746853.3667710666,Compatible avec le hasard
699.5254572153339,703964.1153401387,699525.4572153338,643934.7244231344,751237.5532036339,Compatible avec le hasard
703.36900368355,706110.3523788748,703369.0036835499,648001.9071522017,755690.2901320392,Compatible avec le hasard
707.2125501517661,690398.9881757922,707212.550151766,651229.5692394895,759842.2084951657,Compatible avec le hasard
711.0560966199821,675082.5836201303,711056.0966199822,654627.4673061179,764008.6285925235,Compatible avec le hasard
714.8996430881983,670806.2446106026,714899.6430881984,656916.8262292015,768068.8588854043,Compatible avec le hasard
718.7431895564144,680464.6718597385,718743.1895564145,660335.9826862258,771759.3010775973,Compatible avec le hasard
722.5867360246306,680964.8297162126,722586.7360246306,663142.6718819152,775661.1573591118,Compatible avec le hasard
726.4302824928467,685946.3506156427,726430.2824928467,667316.8547410523,779726.2677143518,Compatible avec le hasard
730.2738289610628,661435.792312717,730273.8289610628,670892.2480953943,783470.5038296652,Repulsion significative
734.1173754292789,662721.3830151203,734117.3754292789,673659.6381404571,788012.9853846413,Repulsion significative
737.960921897495,664004.4846675327,737960.921897495,676448.8623790737,792222.6769870535,Repulsion significative
741.8044683657112,666563.2782900959,741804.4683657112,678099.2173263842,795967.801653307,Repulsion significative
745.6480148339273,672917.6953613642,745648.0148339273,681962.675586903,799548.3818530233,Repulsion significative
749.4915613021434,675442.7237276996,749491.5613021434,685477.3270552572,803028.1015777953,Repulsion significative
753.3351077703595,681089.8117911782,753335.1077703595,688027.7568118032,807402.5761380745,Repulsion significative
757.1786542385756,684206.9439201473,757178.6542385756,690822.7573871884,810899.7882441257,Repulsion significative
761.0222007067918,686690.4618638528,761022.2007067917,693983.6499194982,814927.831479777,Repulsion significative
764.865747175008,782113.6825009321,764865.747175008,697873.2530100242,819761.2468610223,Compatible avec le hasard
768.7092936432241,783563.3847319979,768709.293643224,699498.3772467688,823554.0926536137,Compatible avec le hasard
772.5528401114402,785010.4097591069,772552.8401114402,702245.3493260391,827094.9133071987,Compatible avec le hasard
776.3963865796562,787175.9598313486,776396.3865796563,706379.0356671846,831597.9070744542,Compatible avec le hasard
780.2399330478723,789335.5687175441,780239.9330478724,710631.0931820814,835333.270562801,Compatible avec le hasard
784.0834795160885,790772.0313593196,784083.4795160885,714563.7800615274,839264.0062167706,Compatible avec le hasard
787.9270259843046,797915.5552234991,787927.0259843046,718084.7835991316,844095.7997355248,Compatible avec le hasard
791.7705724525207,800755.1213339922,791770.5724525207,720984.6941548097,848191.5032735713,Compatible avec le hasard
795.6141189207368,807810.3688552758,795614.1189207368,724041.2908772597,851484.4806381868,Compatible avec le hasard
799.4576653889529,825184.6225232244,799457.6653889529,728279.0129763687,855973.9917414346,Compatible avec le hasard
803.301211857169,831350.4713221304,803301.211857169,731525.3009070758,859596.9226832313,Compatible avec le hasard
807.1447583253852,835435.756225466,807144.7583253852,734370.1638666289,864800.03055034,Compatible avec le hasard
810.9883047936013,839501.1610429757,810988.3047936013,737339.801129646,868218.3477560448,Compatible avec le hasard
814.8318512618175,843546.9732059931,814831.8512618175,741839.4273557878,872598.0272634096,Compatible avec le hasard
818.6753977300336,849579.567152909,818675.3977300336,745372.576859758,876955.8341146674,Compatible avec le hasard
822.5189441982498,851580.9352198816,822518.9441982497,749356.6749798662,880122.6013021099,Compatible avec le hasard
826.3624906664659,857557.0151008621,826362.4906664658,750407.7485230138,884899.8155797118,Compatible avec le hasard
830.206037134682,865460.9334763044,830206.037134682,752738.2129798118,887990.1120848106,Compatible avec le hasard
834.0495836028981,873293.3187644641,834049.583602898,756943.8922132802,892489.4355956546,Compatible avec le hasard
837.8931300711141,879121.8149479536,837893.1300711142,761413.9302426258,897424.682217561,Compatible avec le hasard
841.7366765393302,881056.0787053386,841736.6765393303,764693.075174541,901274.4400052045,Compatible avec le hasard
845.5802230075464,888751.0377201277,845580.2230075464,769748.143616518,903989.0384150845,Compatible avec le hasard
849.4237694757625,890664.389854477,849423.7694757625,774484.4863525023,907561.6149255695,Compatible avec le hasard
853.2673159439786,894478.8158292715,853267.3159439786,779513.0962373628,911639.7841251199,Compatible avec le hasard
857.1108624121947,902059.2803093995,857110.8624121948,782445.8769041292,915699.7909320953,Compatible avec le hasard
860.9544088804109,NA,860954.408880411,786567.6571894946,919741.8758686974,Compatible avec le hasard
864.797955348627,NA,864797.9553486271,790199.2047483721,924193.3703729335,Compatible avec le hasard
868.6415018168432,NA,868641.5018168432,793884.8553659377,927207.3281129476,Compatible avec le hasard
872.4850482850593,NA,872485.0482850593,796711.1876226616,930775.5819306363,Compatible avec le hasard
876.3285947532754,NA,876328.5947532754,800658.5834855597,936466.3407098459,Compatible avec le hasard
880.1721412214915,NA,880172.1412214914,806853.8539755204,942129.0500097498,Compatible avec le hasard
884.0156876897076,NA,884015.6876897076,808946.2605103023,945352.2738602068,Compatible avec le hasard
887.8592341579238,NA,887859.2341579237,813114.9204328406,949317.9886561837,Compatible avec le hasard
891.7027806261399,NA,891702.7806261398,817032.4586703475,953614.8808302946,Compatible avec le hasard
895.546327094356,NA,895546.327094356,820244.617764626,958584.367292793,Compatible avec le hasard
899.389873562572,NA,899389.87356257206,824063.1451310314,962380.755881623,Compatible avec le hasard
903.2334200307881,NA,903233.4200307882,827864.0597070615,967876.1938752424,Compatible avec le hasard
907.0769664990042,NA,907076.9664990043,832518.2864553464,969876.3752215042,Compatible avec le hasard
910.9205129672205,NA,910920.5129672205,837283.4202717355,973812.045557438,Compatible avec le hasard
914.7640594354366,NA,914764.0594354367,839894.2261724168,978513.9550894056,Compatible avec le hasard
918.6076059036527,NA,918607.6059036527,843795.2886224856,983063.6957871356,Compatible avec le hasard
922.4511523718688,NA,922451.1523718688,847111.7399678269,985664.8976341471,Compatible avec le hasard
926.294698840085,NA,926294.698840085,852086.0148995802,989948.6212128043,Compatible avec le hasard
930.1382453083011,NA,930138.2453083011,857400.4298422838,994064.8494505486,Compatible avec le hasard
933.9817917765172,NA,933981.7917765173,861948.4499549292,998390.5077216501,Compatible avec le hasard
937.8253382447333,NA,937825.3382447334,865861.9704182693,1001282.2904701396,Compatible avec le hasard
941.6688847129494,NA,941668.8847129494,871214.3572579307,1007150.6618328745,Compatible avec le hasard
945.5124311811655,NA,945512.4311811655,874603.3672754979,1010846.6399849465,Compatible avec le hasard
949.3559776493817,NA,949355.9776493816,NA,NA,Compatible avec le hasard
953.1995241175978,NA,953199.5241175977,NA,NA,Compatible avec le hasard
957.0430705858139,NA,957043.0705858138,NA,NA,Compatible avec le hasard
960.88661705403,NA,960886.6170540301,NA,NA,Compatible avec le hasard
964.7301635222461,NA,964730.1635222462,NA,NA,Compatible avec le hasard
968.5737099904622,NA,968573.7099904622,NA,NA,Compatible avec le hasard
972.4172564586784,NA,972417.2564586784,NA,NA,Compatible avec le hasard
976.2608029268945,NA,976260.8029268945,NA,NA,Compatible avec le hasard
980.1043493951106,NA,980104.3493951106,NA,NA,Compatible avec le hasard
983.9478958633267,NA,983947.8958633267,NA,NA,Compatible avec le hasard
987.7914423315428,NA,987791.4423315428,NA,NA,Compatible avec le hasard
991.634988799759,NA,991634.988799759,NA,NA,Compatible avec le hasard
995.4785352679751,NA,995478.5352679751,NA,NA,Compatible avec le hasard
999.3220817361912,NA,999322.0817361912,NA,NA,Compatible avec le hasard
1003.1656282044073,NA,1003165.6282044073,NA,NA,Compatible avec le hasard
1007.0091746726234,NA,1007009.1746726234,NA,NA,Compatible avec le hasard
1010.8527211408397,NA,1010852.7211408396,NA,NA,Compatible avec le hasard
1014.6962676090558,NA,1014696.2676090557,NA,NA,Compatible avec le hasard
1018.5398140772719,NA,1018539.8140772718,NA,NA,Compatible avec le hasard
1022.3833605454879,NA,1022383.360545488,NA,NA,Compatible avec le hasard
1026.226907013704,NA,1026226.9070137041,NA,NA,Compatible avec le hasard
1030.0704534819201,NA,1030070.4534819202,NA,NA,Compatible avec le hasard
1033.9139999501363,NA,1033913.9999501363,NA,NA,Compatible avec le hasard
1037.7575464183524,NA,1037757.5464183525,NA,NA,Compatible avec le hasard
1041.6010928865685,NA,1041601.0928865685,NA,NA,Compatible avec le hasard
1045.4446393547846,NA,1045444.6393547846,NA,NA,Compatible avec le hasard
1049.2881858230007,NA,1049288.1858230007,NA,NA,Compatible avec le hasard
1053.1317322912168,NA,1053131.732291217,NA,NA,Compatible avec le hasard
1056.975278759433,NA,1056975.278759433,NA,NA,Compatible avec le hasard
1060.818825227649,NA,1060818.8252276492,NA,NA,Compatible avec le hasard
1064.6623716958652,NA,1064662.3716958652,NA,NA,Compatible avec le hasard
1068.5059181640813,NA,1068505.9181640814,NA,NA,Compatible avec le hasard
1072.3494646322974,NA,1072349.4646322974,NA,NA,Compatible avec le hasard
1076.1930111005136,NA,1076193.0111005136,NA,NA,Compatible avec le hasard
1080.0365575687297,NA,1080036.5575687296,NA,NA,Compatible avec le hasard
1083.8801040369458,NA,1083880.1040369458,NA,NA,Compatible avec le hasard
1087.7236505051621,NA,1087723.650505162,NA,NA,Compatible avec le hasard
1091.567196973378,NA,1091567.196973378,NA,NA,Compatible avec le hasard
1095.4107434415944,NA,1095410.7434415943,NA,NA,Compatible avec le hasard
1099.2542899098103,NA,1099254.2899098103,NA,NA,Compatible avec le hasard
1103.0978363780266,NA,1103097.8363780265,NA,NA,Compatible avec le hasard
1106.9413828462425,NA,1106941.3828462425,NA,NA,Compatible avec le hasard
1110.7849293144589,NA,1110784.9293144587,NA,NA,Compatible avec le hasard
1114.6284757826747,NA,1114628.4757826747,NA,NA,Compatible avec le hasard
1118.4720222508909,NA,1118472.022250891,NA,NA,Compatible avec le hasard
1122.315568719107,NA,1122315.568719107,NA,NA,Compatible avec le hasard
1126.159115187323,NA,1126159.1151873232,NA,NA,Compatible avec le hasard
1130.0026616555392,NA,1130002.6616555392,NA,NA,Compatible avec le hasard
1133.8462081237553,NA,1133846.2081237554,NA,NA,Compatible avec le hasard
1137.6897545919717,NA,1137689.7545919716,NA,NA,Compatible avec le hasard
1141.5333010601876,NA,1141533.3010601876,NA,NA,Compatible avec le hasard
1145.376847528404,NA,1145376.8475284039,NA,NA,Compatible avec le hasard
1149.2203939966198,NA,1149220.3939966199,NA,NA,Compatible avec le hasard
1153.0639404648362,NA,1153063.940464836,NA,NA,Compatible avec le hasard
